id,link
1,https://www.youtube.com/watch?v=Gi8LUnhP5yU
2,https://www.youtube.com/watch?v=piHkfmeU7Wo
3,https://www.youtube.com/watch?v=epQxfSp-rdU
4,https://www.youtube.com/watch?v=azOmzumh0vQ
5,https://www.youtube.com/watch?v=STFcvzoxVw4
6,https://www.youtube.com/watch?v=ghwaIiE3Nd8
7,https://www.youtube.com/watch?v=KZkYSSE8HHI
8,https://www.youtube.com/watch?v=hIC9FQpxVwQ
9,https://www.youtube.com/watch?v=KsZI5oXBC0k
10,https://www.youtube.com/watch?v=l-mYLq6eZPY
11,https://www.youtube.com/watch?v=3FIo6evmweo
12,https://www.youtube.com/watch?v=b7bStIQovcY
13,https://www.youtube.com/watch?v=aSyZvBrPAyk
14,https://www.youtube.com/watch?v=YUYagvESisE
15,https://www.youtube.com/watch?v=Er7Dy8rvqOc
16,https://www.youtube.com/watch?v=2wq9x2QcZN0
17,https://www.youtube.com/watch?v=bIrEM2FbOLU
18,https://www.youtube.com/watch?v=dEv99vxKjVI
19,https://www.youtube.com/watch?v=Z6rxFNMGdn0
20,https://www.youtube.com/watch?v=Kedt2or9xlo
21,https://www.youtube.com/watch?v=yCd3CzGSte8
22,https://www.youtube.com/watch?v=NERNE4UThHU
23,https://www.youtube.com/watch?v=q0mokx-iiws
24,https://www.youtube.com/watch?v=kq0VO1FqE6I
25,https://www.youtube.com/watch?v=-EVqrDlAqYo
26,https://www.youtube.com/watch?v=l-NJrvyRo0c
27,https://www.youtube.com/watch?v=cQ48rP_Rs4g
28,https://www.youtube.com/watch?v=Tj6NOfdfa4o
29,https://www.youtube.com/watch?v=v-9Mpe7NhkM
30,https://www.youtube.com/watch?v=QDN6xvhAw94
31,https://www.youtube.com/watch?v=iwcYp-XT7UI
32,https://www.youtube.com/watch?v=lVHRs3uTHNI
33,https://www.youtube.com/watch?v=anXep8kBOCg
34,https://www.youtube.com/watch?v=i6rnzk8VU24
35,https://www.youtube.com/watch?v=J6XcP4JOHmk
36,https://www.youtube.com/watch?v=SGSOCuByo24
37,https://www.youtube.com/watch?v=HYsLTNXMl1Q
38,https://www.youtube.com/watch?v=Bo8MY4JpiXE
39,https://www.youtube.com/watch?v=1d9Dj9dT_pw
40,https://www.youtube.com/watch?v=x0-zGdlpTeg
41,https://www.youtube.com/watch?v=s78hvV3QLUE
42,https://www.youtube.com/watch?v=_VPxEcT_Adc
43,https://www.youtube.com/watch?v=vNOTDn3D_RI
44,https://www.youtube.com/watch?v=Whtt2H5_isM
45,https://www.youtube.com/watch?v=kD5yc1LQrpQ
46,https://www.youtube.com/watch?v=8RVa0THWUWw
47,https://www.youtube.com/watch?v=iNqqOLscOBY
48,https://www.youtube.com/watch?v=uTxRF5ag27A
49,https://www.youtube.com/watch?v=smK9dgdTl40
50,https://www.youtube.com/watch?v=AzdxbzHtjgs
51,https://www.youtube.com/watch?v=2fI6bYnRgSc
52,https://www.youtube.com/watch?v=lEZPfmGCEk0
53,https://www.youtube.com/watch?v=cMscNuSUy0I
54,https://www.youtube.com/watch?v=M95m2EFb7IQ
55,https://www.youtube.com/watch?v=0-3kw5BEKB8
56,https://www.youtube.com/watch?v=pEBI0vF45ic
57,https://www.youtube.com/watch?v=Ad89JYS-uZM
58,https://www.youtube.com/watch?v=3qMemn__kK8
59,https://www.youtube.com/watch?v=ZPPAOakITeQ
60,https://www.youtube.com/watch?v=IUHkhB366tE
61,https://www.youtube.com/watch?v=ImKkaeUx1MU
62,https://www.youtube.com/watch?v=2BdBfsXbST8
63,https://www.youtube.com/watch?v=oCkkjnpS2f8
64,https://www.youtube.com/watch?v=U_lKUK2MCsg
65,https://www.youtube.com/watch?v=UwwBG-MbniY
66,https://www.youtube.com/watch?v=J21-7AsUcgM
67,https://www.youtube.com/watch?v=OJQepiqSWvg
68,https://www.youtube.com/watch?v=nkWmiNRPU-c
69,https://www.youtube.com/watch?v=LW59lMvxmY4
70,https://www.youtube.com/watch?v=Nb2tebYAaOA
71,https://www.youtube.com/watch?v=bQa7hpUpMzM
72,https://www.youtube.com/watch?v=uX5t8EivCaM
73,https://www.youtube.com/watch?v=0jspaMLxBig
74,https://www.youtube.com/watch?v=EYIKy_FM9x0
75,https://www.youtube.com/watch?v=E1AxVXt2Gv4
76,https://www.youtube.com/watch?v=DKyzcbNr8WE
77,https://www.youtube.com/watch?v=gU-mkuMU428
78,https://www.youtube.com/watch?v=7jFdxd1qX2g
79,https://www.youtube.com/watch?v=WgLo4gmEraU
80,https://www.youtube.com/watch?v=3x1b_S6Qp2Q
81,https://www.youtube.com/watch?v=iOCfIFBBpVY
82,https://www.youtube.com/watch?v=_TTNGq9djU4
83,https://www.youtube.com/watch?v=rfKiTGj-zeQ
84,Removed
85,https://www.youtube.com/watch?v=orMtwOz6Db0
86,https://www.youtube.com/watch?v=uPUEq8d73JI
87,https://www.youtube.com/watch?v=5f-JlzBuUUU
88,https://www.youtube.com/watch?v=rIAZJNe7YtE
89,https://www.youtube.com/watch?v=ez773teNFYA
90,https://www.youtube.com/watch?v=CwyOUS8TSl0
91,https://www.youtube.com/watch?v=60KJz1BVTyU
92,https://www.youtube.com/watch?v=8A-5gIW0-eI
93,https://www.youtube.com/watch?v=xlMTWfkQqbY
94,https://www.youtube.com/watch?v=13CZPWmke6A
95,https://www.youtube.com/watch?v=HhY95m-WD_E
96,https://www.youtube.com/watch?v=aYwDs9LTN50
97,https://www.youtube.com/watch?v=M1-v-dXIzho
98,https://www.youtube.com/watch?v=7KTbEn7PiaY
99,https://www.youtube.com/watch?v=NwzuibY5kUs
100,Removed
101,https://www.youtube.com/watch?v=P-2P3MSZrBM
102,https://www.youtube.com/watch?v=PgtedwKGhXs
103,https://www.youtube.com/watch?v=OpSmCKe27WE
104,https://www.youtube.com/watch?v=naed4C4hfAg
105,https://www.youtube.com/watch?v=9LQffCdHHlQ
106,https://www.youtube.com/watch?v=3t06ajvBtl0
107,https://www.youtube.com/watch?v=llh-2pqSGrs
108,https://www.youtube.com/watch?v=kxi-_TT_-Nc
109,https://www.youtube.com/watch?v=O9upVbGSBFo
110,https://www.youtube.com/watch?v=LRYkH-fAVGE
111,https://www.youtube.com/watch?v=KllCrlfLuzs
112,https://www.youtube.com/watch?v=pDSEjaDCtOU
113,https://www.youtube.com/watch?v=brslF-Cy3HU
114,https://www.youtube.com/watch?v=A22Ej6kb2wo
115,https://www.youtube.com/watch?v=tg_m_LxxRwM
116,https://www.youtube.com/watch?v=-jA2ABHBc6Y
117,https://www.youtube.com/watch?v=qfKyNxfyWbo
118,https://www.youtube.com/watch?v=U_6AYX42gkU
119,https://www.youtube.com/watch?v=386s-y1aRRo
120,https://www.youtube.com/watch?v=PUAdj3w3wO4
121,https://www.youtube.com/watch?v=_AGPbvCDBCk
122,https://www.youtube.com/watch?v=aB8zcAttP1E
123,https://www.youtube.com/watch?v=t06rkOOUa7g
124,https://www.youtube.com/watch?v=-t1_ffaFXao
125,https://www.youtube.com/watch?v=hhEwWghH_XM
126,https://www.youtube.com/watch?v=IT__Nrr3PNI
127,https://www.youtube.com/watch?v=FKCJWkPehdY
128,https://www.youtube.com/watch?v=BIk1zUy8ehU
129,https://www.youtube.com/watch?v=NbdRIVCBqNI
130,https://www.youtube.com/watch?v=nAMjv0NAESM
131,https://www.youtube.com/watch?v=nWTvXbQHwWs
132,https://www.youtube.com/watch?v=_L3gNaAVjQ4
133,https://www.youtube.com/watch?v=Aq9UPIXbtKI
134,https://www.youtube.com/watch?v=o2nG7-eXxko
135,https://www.youtube.com/watch?v=LAyZ8IYfGxQ
136,https://www.youtube.com/watch?v=-k-ztNsBM54
137,https://www.youtube.com/watch?v=WxfA1OSev4c
138,https://www.youtube.com/watch?v=SOr1YYRljV8
139,https://www.youtube.com/watch?v=Ktj050DxG7Q
140,https://www.youtube.com/watch?v=S_AFc_BXht4
141,https://www.youtube.com/watch?v=NOReE-3EBhI
142,https://www.youtube.com/watch?v=bgNzUxyS-kQ
143,https://www.youtube.com/watch?v=RvhpncC5jZ8
144,https://www.youtube.com/watch?v=c9AbECvRt20
145,https://www.youtube.com/watch?v=ICj8p5jPd3Y
146,https://www.youtube.com/watch?v=L-RuvUkcyJI
147,https://www.youtube.com/watch?v=P6prRXkI5HM
148,https://www.youtube.com/watch?v=yzMVEbs8Zz0
149,https://www.youtube.com/watch?v=iqBh7G4uDR8
150,https://www.youtube.com/watch?v=uykM3NhJbso
151,https://www.youtube.com/watch?v=yTWa-Z1UQwU
152,https://www.youtube.com/watch?v=pRzelZlKl7E
153,https://www.youtube.com/watch?v=I51DuprOb0o
154,https://www.youtube.com/watch?v=plcc6E-E1uU
155,https://www.youtube.com/watch?v=RL4j4KPwNGM
156,https://www.youtube.com/watch?v=8wYZjOzfTUk
157,https://www.youtube.com/watch?v=CejJ2aVRUE8
158,https://www.youtube.com/watch?v=QSPtSNqUCUw
159,https://www.youtube.com/watch?v=ziQSpuST6Es
160,https://www.youtube.com/watch?v=krB0enBeSiE
161,https://www.youtube.com/watch?v=d2bYwYxqJCM
162,https://www.youtube.com/watch?v=G4hL5Om4IJ4
163,https://www.youtube.com/watch?v=ifX_JnBfxTY
164,https://www.youtube.com/watch?v=ClxRHJPz8aQ
165,https://www.youtube.com/watch?v=YJWPowbCK_I
166,https://www.youtube.com/watch?v=y3Umo_jd5AA
167,https://www.youtube.com/watch?v=grceJbuPUXI
168,https://www.youtube.com/watch?v=zNdhgOk4-fE
169,https://www.youtube.com/watch?v=VHg9sfOzBbY
170,https://www.youtube.com/watch?v=Iuven0crywo
171,https://www.youtube.com/watch?v=IHg6ixt3CKc
172,https://www.youtube.com/watch?v=UOEpe17nPhE
173,https://www.youtube.com/watch?v=mDyBbGCiBUU
174,https://www.youtube.com/watch?v=7Grseeycor4
175,https://www.youtube.com/watch?v=dmVqpx4YOY4
176,https://www.youtube.com/watch?v=HrehEWYj16s
177,https://www.youtube.com/watch?v=CY_LEa9xQtg
178,https://www.youtube.com/watch?v=Pl3x4GINtBQ
179,https://www.youtube.com/watch?v=fIPxfzfOTxk
180,https://www.youtube.com/watch?v=USnqkUAr_3w
181,https://www.youtube.com/watch?v=TPXTmVdlyoc
182,https://www.youtube.com/watch?v=ktuw6Ow4sd0
183,https://www.youtube.com/watch?v=6z1JwZbX4dQ
184,https://www.youtube.com/watch?v=85F0FDsPHf8
185,https://www.youtube.com/watch?v=4dC_nRYIDZU
186,https://www.youtube.com/watch?v=1YbcB6b4A2U
187,https://www.youtube.com/watch?v=LDTe8uFqbws
188,https://www.youtube.com/watch?v=XW0QZmtbjvs
189,https://www.youtube.com/watch?v=jhKZIq3SlYE
190,https://www.youtube.com/watch?v=tueAcSiiqYA
191,https://www.youtube.com/watch?v=hGRNUw559SE
192,https://www.youtube.com/watch?v=FKh8hjJNhWc
193,https://www.youtube.com/watch?v=cuD9uNFXnU8
194,https://www.youtube.com/watch?v=TG6BuSjwP4o
195,https://www.youtube.com/watch?v=CGAvsmokB4c
196,https://www.youtube.com/watch?v=usDqSEKDVsA
197,https://www.youtube.com/watch?v=n2RcVEftY48
198,https://www.youtube.com/watch?v=-tDQ74I3Ovs
199,https://www.youtube.com/watch?v=Udh22kuLebg
200,https://www.youtube.com/watch?v=R5rNoV1Qy_Q
201,https://www.youtube.com/watch?v=tm7poMupE8k
202,https://www.youtube.com/watch?v=2tUiLxtrLxk
203,https://www.youtube.com/watch?v=ew8U43IXTfk
204,https://www.youtube.com/watch?v=j4_VyRDOmN4
205,https://www.youtube.com/watch?v=0RTWSJAqTPg
206,https://www.youtube.com/watch?v=FUS6ceIvUnI
207,https://www.youtube.com/watch?v=e4Bet29PVPY
208,https://www.youtube.com/watch?v=Z1KwkpTUbkg
209,https://www.youtube.com/watch?v=ndMahzDCH1Y
210,https://www.youtube.com/watch?v=Hc4XvHTlW3s
211,https://www.youtube.com/watch?v=oYQh1ZNkC70
212,https://www.youtube.com/watch?v=rIpUf-Vy2JA
213,https://www.youtube.com/watch?v=J48bm21q8_A
214,https://www.youtube.com/watch?v=TRdL6ZzWBS0
215,https://www.youtube.com/watch?v=U5OD8MjYnOM
216,https://www.youtube.com/watch?v=G433fa01oMU
217,https://www.youtube.com/watch?v=nre0QT9LN6w
218,https://www.youtube.com/watch?v=Fx0G6DHMfXM
219,https://www.youtube.com/watch?v=EE1R8FYUJm0
220,https://www.youtube.com/watch?v=hZenJc1fa70
221,https://www.youtube.com/watch?v=3wMKoSRbGVs
222,https://www.youtube.com/watch?v=Ui38ZzTymDY
223,https://www.youtube.com/watch?v=uiNpESmPioQ
224,https://www.youtube.com/watch?v=gFEE3w7F0ww
225,https://www.youtube.com/watch?v=EwueqdgIvq4
226,https://www.youtube.com/watch?v=KZnGSVwIpeU
227,https://www.youtube.com/watch?v=cC1HszE5Hcw
228,https://www.youtube.com/watch?v=Iau6W5pjy9Y
229,https://www.youtube.com/watch?v=YJF01_ztxwY
230,https://www.youtube.com/watch?v=PbN3HzKkW4M
231,https://www.youtube.com/watch?v=kSbMU5CbFM0
232,https://www.youtube.com/watch?v=98HZanvAJ8Y
233,https://www.youtube.com/watch?v=3LWNY70Oj4A
234,https://www.youtube.com/watch?v=4-SGpEInX_c
235,https://www.youtube.com/watch?v=80OvNaEgmmw
236,https://www.youtube.com/watch?v=uy1fX2vOAEE
237,https://www.youtube.com/watch?v=a3Wpy6gE4So
238,https://www.youtube.com/watch?v=mRZE-SJShkE
239,https://www.youtube.com/watch?v=xF6x1ftN-H4
240,https://www.youtube.com/watch?v=xAfdSak2fs8
241,https://www.youtube.com/watch?v=U_AREIyd0Fc
242,https://www.youtube.com/watch?v=tApj7Q37P2k
243,https://www.youtube.com/watch?v=3pvpNKUPbIY
244,https://www.youtube.com/watch?v=CDiqA4SJNpA
245,https://www.youtube.com/watch?v=Ww6pfsWmkdY
246,https://www.youtube.com/watch?v=nDDJFvuFXdc
247,https://www.youtube.com/watch?v=K78jqx9fx2I
248,https://www.youtube.com/watch?v=Vrz8YDl9CeA
249,https://www.youtube.com/watch?v=Z_LhPMhkEdw
250,https://www.youtube.com/watch?v=X0-SXS6zdEQ
251,https://www.youtube.com/watch?v=TISMidxdZoc
252,https://www.youtube.com/watch?v=DxREm3s1scA
253,https://www.youtube.com/watch?v=B2tXN7ZnSfU
254,https://www.youtube.com/watch?v=oIOGUYOPAsA
255,https://www.youtube.com/watch?v=WzsivT_Ap1w
256,https://www.youtube.com/watch?v=Q24cpnHzx8I
257,https://www.youtube.com/watch?v=nhGwJLXzHs8
258,https://www.youtube.com/watch?v=SGzMElJ11Cc
259,https://www.youtube.com/watch?v=3Z7WimACqG8
260,https://www.youtube.com/watch?v=KdmDtqB46Jc
261,https://www.youtube.com/watch?v=BCdV6BMMpOo
262,https://www.youtube.com/watch?v=uTCc2-1tbBQ
263,https://www.youtube.com/watch?v=arrokG3wCdE
264,https://www.youtube.com/watch?v=0Jd7fJgFkPU
265,https://www.youtube.com/watch?v=nvBEXXnNaNQ
266,https://www.youtube.com/watch?v=hy2G3PhGm-g
267,https://www.youtube.com/watch?v=5zOHSysMmH0
268,https://www.youtube.com/watch?v=Y3VBCWIDEzk
269,https://www.youtube.com/watch?v=ZecQ64l-gKM
270,https://www.youtube.com/watch?v=urdNsyZBqhQ
271,https://www.youtube.com/watch?v=KW8Vjs84Fxg
272,https://www.youtube.com/watch?v=cC1LFC0KFSw
273,https://www.youtube.com/watch?v=DbXjoXnIxQo
274,https://www.youtube.com/watch?v=OaeYUm06in0
275,https://www.youtube.com/watch?v=H_szemxPcTI
276,https://www.youtube.com/watch?v=mC43pZkpTec
277,https://www.youtube.com/watch?v=lvh3g7eszVQ
278,https://www.youtube.com/watch?v=dHTgffkpeYo
279,https://www.youtube.com/watch?v=SFxIazwNP_0
280,https://www.youtube.com/watch?v=KMgPxVnKLSk
281,https://www.youtube.com/watch?v=KOwm7GUjcg8
282,https://www.youtube.com/watch?v=sndW9hzX-wA
283,https://www.youtube.com/watch?v=1C2tPFCGL1U
284,https://www.youtube.com/watch?v=gp4U5aH_T6A
285,https://www.youtube.com/watch?v=YbJZnShMQAo
286,https://www.youtube.com/watch?v=ygAqYC8JOQI
287,https://www.youtube.com/watch?v=tOTenjh_8hw
288,https://www.youtube.com/watch?v=iZjby1LkTWQ
289,https://www.youtube.com/watch?v=2a7CDKqWcZ0
290,https://www.youtube.com/watch?v=jvGZkf87aCs
291,https://www.youtube.com/watch?v=f0un-l1L8Zw
292,https://www.youtube.com/watch?v=KBZP4rLk6bk
293,https://www.youtube.com/watch?v=reYdQYZ9Rj4
294,https://www.youtube.com/watch?v=4oDZyOf6CW4
295,https://www.youtube.com/watch?v=o0Bi-q89j5Y
296,https://www.youtube.com/watch?v=EG7I6Bt_NZY
297,https://www.youtube.com/watch?v=XOPO9J7DIXw
298,https://www.youtube.com/watch?v=j4PEu4sVD40
299,https://www.youtube.com/watch?v=Gfr50f6ZBvo
300,https://www.youtube.com/watch?v=gk4tEO4jDUM
301,https://www.youtube.com/watch?v=dSVLjAdo8UA
302,https://www.youtube.com/watch?v=hppbxV9C63g
303,https://www.youtube.com/watch?v=1XGiTDWfdpM
304,https://www.youtube.com/watch?v=WgytXF0SPh0
305,https://www.youtube.com/watch?v=50r-5ULcWgY
306,https://www.youtube.com/watch?v=aGBLRlLe7X8
307,https://www.youtube.com/watch?v=VBPTFlpv31k
308,https://www.youtube.com/watch?v=qLDp-aYnR1Y
309,https://www.youtube.com/watch?v=I845O57ZSy4
310,https://www.youtube.com/watch?v=T3FC7qIAGZk
311,https://www.youtube.com/watch?v=Q6tDV3BhrcM
312,https://www.youtube.com/watch?v=jdIyNMkusLE
313,https://www.youtube.com/watch?v=sY8aFSY2zv4
314,https://www.youtube.com/watch?v=eF-E40pxxbI
315,https://www.youtube.com/watch?v=0ZO28NtkwwQ
316,https://www.youtube.com/watch?v=7uHGlfeCBbE
317,https://www.youtube.com/watch?v=yImlXr5Tr8g
318,https://www.youtube.com/watch?v=tOtdJcco3YM
319,https://www.youtube.com/watch?v=srUlKNLZTas
320,https://www.youtube.com/watch?v=SK4kMPmgKW0
321,https://www.youtube.com/watch?v=ykY69lSpDdo
322,https://www.youtube.com/watch?v=36_rM7wpN5A
323,https://www.youtube.com/watch?v=xewD1apJNhw
324,https://www.youtube.com/watch?v=rKnoNfajUgM
325,https://www.youtube.com/watch?v=p3lsYlod5OU